date,price,ret,sigma,regime
01/01/2018,99.34503017,-0.006549698,0.007071068,normal
02/01/2018,99.459637,0.001153624,0.007050487,normal
03/01/2018,99.16675095,-0.002944773,0.006767968,normal
04/01/2018,99.01411713,-0.001539163,0.006560298,normal
05/01/2018,99.84747769,0.008416583,0.006323511,normal
08/01/2018,99.92224778,0.000748843,0.006503317,normal
09/01/2018,99.793495,-0.00128853,0.006251773,normal
10/01/2018,100.1039698,0.003111173,0.006030162,normal
11/01/2018,100.530209,0.004257965,0.005863848,normal
12/01/2018,101.0355949,0.005027204,0.005764823,normal
15/01/2018,100.7805119,-0.002524685,0.005721457,normal
16/01/2018,99.62229913,-0.011492428,0.005574371,normal
17/01/2018,99.94286762,0.003217839,0.00633245,normal
18/01/2018,99.8407024,-0.001022236,0.00614799,normal
19/01/2018,100.6371815,0.007977499,0.005928337,normal
22/01/2018,100.3146194,-0.003205199,0.006114198,normal
23/01/2018,101.8557402,0.015362873,0.005966273,normal
24/01/2018,101.8975277,0.000410262,0.007145341,normal
25/01/2018,101.570125,-0.003213058,0.006852202,normal
26/01/2018,100.7815931,-0.007763424,0.006649293,normal
29/01/2018,100.4209319,-0.003578641,0.006778834,normal
30/01/2018,100.0009598,-0.004182118,0.006597473,normal
31/01/2018,100.336181,0.00335218,0.006460902,normal
01/02/2018,100.4702313,0.001336012,0.006272316,normal
02/02/2018,100.6408539,0.001698241,0.006041856,normal
05/02/2018,101.606126,0.009591254,0.005832997,normal
06/02/2018,101.6826917,0.000753554,0.006209007,normal
07/02/2018,101.4478201,-0.002309848,0.005976439,normal
08/02/2018,101.3291999,-0.001169273,0.005802283,normal
09/02/2018,100.8208416,-0.005016899,0.005608783,normal
12/02/2018,100.8163778,-4.43E-05,0.005615374,normal
13/02/2018,101.0792132,0.002607071,0.005420845,normal
14/02/2018,100.4829992,-0.005898483,0.005281542,normal
15/02/2018,100.8127379,0.003281537,0.005397685,normal
16/02/2018,101.6812879,0.008615478,0.005287711,normal
19/02/2018,101.5801399,-0.000994755,0.005632849,normal
20/02/2018,102.4609979,0.008671557,0.005447732,normal
21/02/2018,103.8314246,0.013375106,0.005774906,normal
22/02/2018,101.8485756,-0.019096811,0.006680969,normal
23/02/2018,101.5903476,-0.00253541,0.00846481,normal
26/02/2018,101.8013105,0.002076604,0.008130469,normal
27/02/2018,101.6858281,-0.00113439,0.007795117,normal
28/02/2018,101.5391413,-0.001442549,0.007472503,normal
01/03/2018,101.659498,0.001185323,0.007175006,normal
02/03/2018,101.4602139,-0.001960309,0.006885079,normal
05/03/2018,102.5559954,0.01080011,0.006637108,normal
06/03/2018,102.9098938,0.003450782,0.007033704,normal
07/03/2018,102.7956236,-0.001110392,0.006807962,normal
08/03/2018,102.9171106,0.001181831,0.006546688,normal
09/03/2018,103.473723,0.005408356,0.006296376,normal
12/03/2018,103.7391202,0.002564875,0.006229479,normal
13/03/2018,103.3320802,-0.003923689,0.006029731,normal
14/03/2018,102.8507582,-0.004658011,0.005925595,normal
15/03/2018,103.0515564,0.001952325,0.005876027,normal
16/03/2018,102.0360019,-0.00985482,0.005684143,normal
19/03/2018,102.0141077,-0.000214573,0.006189266,normal
20/03/2018,102.1385488,0.001219842,0.005957576,normal
21/03/2018,102.2456586,0.001048671,0.00574634,normal
22/03/2018,102.4949032,0.002437704,0.00554715,normal
23/03/2018,103.1524143,0.006415061,0.00539257,normal
26/03/2018,103.1218807,-0.000296005,0.005495817,normal
27/03/2018,103.1748152,0.000513319,0.005310972,normal
28/03/2018,102.1696301,-0.009742543,0.005137299,normal
29/03/2018,102.0093709,-0.00156856,0.005726969,normal
30/03/2018,102.2317576,0.002180062,0.005547957,normal
02/04/2018,101.8402054,-0.003830045,0.005385426,normal
03/04/2018,101.7553833,-0.000832894,0.005332101,normal
04/04/2018,100.7466669,-0.00991315,0.005165268,normal
05/04/2018,100.6070548,-0.001385774,0.005773764,normal
06/04/2018,101.3004839,0.00689245,0.005586942,normal
09/04/2018,100.4706452,-0.008191854,0.005710502,normal
10/04/2018,100.7155531,0.002437607,0.006006627,normal
11/04/2018,101.0952758,0.003770249,0.005818728,normal
12/04/2018,101.2443957,0.001475043,0.005697888,normal
13/04/2018,101.4975164,0.002500096,0.005508314,normal
16/04/2018,101.2851685,-0.002092149,0.005358691,normal
17/04/2018,101.2734467,-0.000115731,0.005222953,normal
18/04/2018,98.16412597,-0.030702231,0.005055821,normal
19/04/2018,99.27729153,0.011339841,0.010148405,normal
20/04/2018,98.20577401,-0.010793178,0.010170446,normal
23/04/2018,98.44390712,0.002424838,0.01019476,normal
24/04/2018,99.61749667,0.011921404,0.009742758,normal
25/04/2018,99.52886911,-0.000889679,0.009859908,normal
26/04/2018,100.4506683,0.009261626,0.009412642,normal
27/04/2018,101.0612872,0.006078794,0.00933759,normal
30/04/2018,100.7957373,-0.002627613,0.009065509,normal
01/05/2018,99.80941053,-0.009785401,0.008696188,normal
02/05/2018,99.62637562,-0.001833844,0.008785011,normal
03/05/2018,99.50329502,-0.001235422,0.008414438,normal
04/05/2018,98.88481838,-0.00621564,0.008055829,normal
07/05/2018,99.5099472,0.006321788,0.007922049,normal
08/05/2018,99.58075851,0.0007116,0.007773322,normal
09/05/2018,99.05775427,-0.005252061,0.007443118,normal
10/05/2018,98.60920649,-0.004528144,0.007299556,normal
11/05/2018,98.18559613,-0.00429585,0.007126035,normal
14/05/2018,97.45504255,-0.007440537,0.006953675,normal
15/05/2018,96.97256438,-0.004950777,0.007019216,normal
16/05/2018,97.49620346,0.005399868,0.006892505,normal
17/05/2018,97.18469796,-0.003195053,0.006773145,normal
18/05/2018,97.03841212,-0.001505235,0.006575232,normal
21/05/2018,96.36194303,-0.006971148,0.006336699,normal
22/05/2018,96.61026455,0.002576967,0.006428409,normal
23/05/2018,96.0656082,-0.005637665,0.006215174,normal
24/05/2018,96.76553634,0.007285939,0.006208263,normal
25/05/2018,97.53289955,0.007930129,0.00629542,normal
28/05/2018,97.35305833,-0.001843903,0.006431489,normal
29/05/2018,97.01004605,-0.003523385,0.006210877,normal
30/05/2018,97.08028804,0.000724069,0.006070679,normal
31/05/2018,95.2592328,-0.018758239,0.005846939,normal
01/06/2018,95.34528001,0.000903295,0.007821825,normal
04/06/2018,95.60018526,0.002673496,0.007489874,normal
05/06/2018,96.18443058,0.006111341,0.007208432,normal
06/06/2018,95.96721768,-0.002258296,0.007106863,normal
07/06/2018,95.36216602,-0.006304775,0.006852469,normal
08/06/2018,97.23105655,0.01959782,0.006834205,normal
11/06/2018,96.82895159,-0.004135561,0.008510894,normal
12/06/2018,96.3881594,-0.004552277,0.008229709,normal
13/06/2018,96.96194734,0.005952888,0.007987433,normal
14/06/2018,97.16198159,0.002063018,0.007811259,normal
15/06/2018,96.41305735,-0.007707997,0.007495332,normal
18/06/2018,96.53377424,0.00125208,0.007526703,normal
19/06/2018,96.03857374,-0.005129816,0.007215834,normal
20/06/2018,96.64487312,0.006313082,0.007083639,normal
21/06/2018,96.47280983,-0.001780366,0.007006664,normal
22/06/2018,95.48684678,-0.010220113,0.006746143,normal
25/06/2018,94.24734261,-0.012980889,0.00712724,normal
26/06/2018,94.74708692,0.005302476,0.0078024,normal
27/06/2018,94.67907566,-0.000717819,0.007604617,normal
28/06/2018,93.6032223,-0.011363159,0.007288369,normal
29/06/2018,93.9626532,0.003839942,0.007726352,normal
02/07/2018,94.39092703,0.004557915,0.007467295,normal
03/07/2018,95.03740857,0.00684898,0.007257421,normal
04/07/2018,95.36576782,0.003455053,0.007202416,normal
05/07/2018,96.08691201,0.007561877,0.006965067,normal
06/07/2018,95.89622949,-0.00198448,0.00699419,normal
09/07/2018,96.92162235,0.010692734,0.006739637,normal
10/07/2018,96.50583612,-0.004289922,0.007108425,normal
11/07/2018,96.39393723,-0.001159504,0.006937122,normal
12/07/2018,96.41223529,0.000189826,0.006668411,normal
13/07/2018,95.8872827,-0.005444875,0.006404774,normal
16/07/2018,95.61556139,-0.002833758,0.006365238,normal
17/07/2018,95.48743028,-0.001340065,0.006182354,normal
18/07/2018,95.8006172,0.003279876,0.005966476,normal
19/07/2018,95.70650276,-0.000982399,0.005811758,normal
20/07/2018,95.53033185,-0.001840741,0.005614102,normal
23/07/2018,96.65171079,0.01173846,0.005450928,normal
24/07/2018,96.57956114,-0.000746491,0.006180341,normal
25/07/2018,96.86393507,0.002944453,0.005954372,normal
26/07/2018,96.88566703,0.000224356,0.005787328,normal
27/07/2018,96.52392806,-0.003733669,0.005580669,normal
30/07/2018,95.88754186,-0.006593041,0.005504173,normal
31/07/2018,96.54622574,0.006869337,0.00565892,normal
01/08/2018,96.53568296,-0.000109199,0.005771831,normal
02/08/2018,98.40490231,0.019362989,0.005567071,normal
03/08/2018,98.65482061,0.002539694,0.007588833,normal
06/08/2018,98.7666245,0.001133284,0.00729753,normal
07/08/2018,98.42916081,-0.003416779,0.006999469,normal
08/08/2018,99.52755013,0.011159186,0.006794511,normal
09/08/2018,99.76699358,0.002405801,0.007209908,normal
10/08/2018,100.2528496,0.004869908,0.006939698,normal
13/08/2018,100.1944139,-0.000582884,0.00678609,normal
14/08/2018,99.32529523,-0.008674323,0.006519192,normal
15/08/2018,99.91968295,0.005984253,0.006757103,normal
16/08/2018,99.31381911,-0.006063508,0.006687129,normal
17/08/2018,99.05693443,-0.002586596,0.006666437,normal
20/08/2018,99.2137014,0.001582595,0.006452679,normal
21/08/2018,97.93632665,-0.012874983,0.006214315,normal
22/08/2018,98.29680438,0.003680736,0.00704898,normal
23/08/2018,98.88670338,0.006001202,0.006831086,normal
24/08/2018,98.66512028,-0.002240778,0.006755584,normal
27/08/2018,97.38814873,-0.012942482,0.006524317,normal
28/08/2018,96.78278493,-0.00621599,0.00730664,normal
29/08/2018,96.24174621,-0.005590237,0.007238838,normal
30/08/2018,95.61526135,-0.006509492,0.007133926,normal
31/08/2018,95.29285634,-0.003371899,0.007104154,normal
03/09/2018,94.67349397,-0.006499568,0.0068897,normal
04/09/2018,94.09443768,-0.006116351,0.006883005,normal
05/09/2018,94.34745728,0.002688996,0.006847454,normal
06/09/2018,94.24625049,-0.001072703,0.006608934,normal
07/09/2018,94.68956201,0.004703758,0.006359857,normal
10/09/2018,95.29716817,0.006416823,0.006244238,normal
11/09/2018,95.6213118,0.003401398,0.006255026,normal
12/09/2018,96.32851534,0.007395878,0.006083619,normal
13/09/2018,95.6199593,-0.007355621,0.006194915,normal
14/09/2018,95.7701033,0.001570216,0.006339206,normal
17/09/2018,96.70042041,0.009714066,0.006108083,normal
18/09/2018,96.2268449,-0.004897347,0.006456813,normal
19/09/2018,96.53566697,0.003209313,0.006375038,normal
20/09/2018,96.87921934,0.003558813,0.006187149,normal
21/09/2018,96.25796408,-0.006412678,0.006027566,normal
24/09/2018,95.79458852,-0.004813893,0.006104017,normal
25/09/2018,96.37293336,0.006037344,0.006048499,normal
26/09/2018,95.59756167,-0.008045534,0.006049759,normal
27/09/2018,96.7619895,0.012180518,0.0062827,normal
28/09/2018,97.24445639,0.00498612,0.006913366,normal
01/10/2018,97.71408562,0.004829368,0.006768255,normal
02/10/2018,96.63690395,-0.011023812,0.006626175,normal
03/10/2018,97.17031568,0.005519752,0.007125491,normal
04/10/2018,96.59757348,-0.00589421,0.00699387,normal
05/10/2018,97.17446812,0.005972144,0.006931692,normal
08/10/2018,97.53080795,0.003667011,0.00684526,normal
09/10/2018,97.49304851,-0.000387154,0.006641442,normal
10/10/2018,96.78386501,-0.007274196,0.00638194,normal
11/10/2018,96.66640259,-0.001213657,0.006496385,normal
12/10/2018,96.59335221,-0.000755696,0.006257115,normal
15/10/2018,97.2616652,0.00691883,0.006026226,normal
16/10/2018,97.48228975,0.002268361,0.006101558,normal
17/10/2018,97.24080904,-0.002477175,0.005902121,normal
18/10/2018,95.44636187,-0.018453643,0.005739572,normal
19/10/2018,95.81660828,0.003879104,0.007688748,normal
22/10/2018,96.8935857,0.011239987,0.007433798,normal
23/10/2018,97.46438582,0.005891,0.007765854,normal
24/10/2018,97.24689277,-0.002231513,0.007603845,normal
25/10/2018,97.58587384,0.003485778,0.007316114,normal
26/10/2018,96.92599703,-0.006762012,0.00707203,normal
29/10/2018,96.97192808,0.000473877,0.007068107,normal
30/10/2018,96.46493239,-0.005228273,0.00677988,normal
31/10/2018,96.48407287,0.000198419,0.006691233,normal
01/11/2018,95.90269966,-0.006025587,0.006426155,normal
02/11/2018,95.76020581,-0.001485817,0.00642829,normal
05/11/2018,94.84799952,-0.009525943,0.006199086,normal
06/11/2018,93.33800555,-0.015920146,0.006579075,normal
07/11/2018,92.84094053,-0.00532543,0.007821468,normal
08/11/2018,92.2276053,-0.006606301,0.007651584,normal
09/11/2018,91.57323213,-0.007095199,0.007580485,normal
12/11/2018,91.05425263,-0.005667371,0.007553098,normal
13/11/2018,90.98756807,-0.000732361,0.007426276,normal
14/11/2018,91.51415535,0.005787464,0.007121095,normal
15/11/2018,91.93857954,0.004637798,0.007006272,normal
16/11/2018,91.9023919,-0.000393607,0.006835211,normal
19/11/2018,92.01873328,0.001265923,0.006563538,normal
20/11/2018,92.21395904,0.002121587,0.006313194,normal
21/11/2018,92.21901351,5.48E-05,0.0060954,normal
22/11/2018,93.05169379,0.009029377,0.005868662,normal
23/11/2018,92.99821842,-0.000574685,0.006174394,normal
26/11/2018,93.65173635,0.007027209,0.005946739,normal
27/11/2018,93.97108229,0.003409931,0.006040534,normal
28/11/2018,93.08704229,-0.009407575,0.005885673,normal
29/11/2018,95.00307283,0.020583214,0.006299923,normal
30/11/2018,94.59695103,-0.004274828,0.008316086,normal
03/12/2018,94.93235198,0.003545579,0.008054657,normal
04/12/2018,94.03522426,-0.009450179,0.007762834,normal
05/12/2018,93.68831887,-0.0036891,0.007925545,normal
06/12/2018,94.59156709,0.009640991,0.007666221,normal
07/12/2018,95.58132048,0.010463442,0.007803698,normal
10/12/2018,96.5326574,0.009953168,0.008005239,normal
11/12/2018,97.09364738,0.005811401,0.008133252,normal
12/12/2018,97.42099864,0.0033715,0.007937554,normal
13/12/2018,97.11803486,-0.003109841,0.007647673,normal
14/12/2018,96.87521076,-0.002500299,0.007384952,normal
17/12/2018,98.10599978,0.012704891,0.007119342,normal
18/12/2018,99.13456508,0.010484224,0.007674053,normal
19/12/2018,99.35777495,0.002251585,0.007893757,normal
20/12/2018,99.96425117,0.006103963,0.007576528,normal
21/12/2018,98.86166218,-0.011029833,0.007443029,normal
24/12/2018,98.49925684,-0.003665782,0.007818369,normal
25/12/2018,99.44100337,0.009560951,0.007565556,normal
26/12/2018,100.1847034,0.007478807,0.00770711,normal
27/12/2018,100.279534,0.000946557,0.007656477,normal
28/12/2018,101.0948101,0.008130035,0.00733482,normal
31/12/2018,101.0659387,-0.000285587,0.007372979,normal
01/01/2019,101.4240791,0.003543631,0.007067297,normal
02/01/2019,101.0884441,-0.003309224,0.006842721,normal
03/01/2019,101.6674762,0.005727976,0.006644572,normal
04/01/2019,100.693143,-0.00958353,0.006567501,normal
07/01/2019,100.7479414,0.000544212,0.006899914,normal
08/01/2019,100.6986025,-0.000489726,0.006622343,normal
09/01/2019,100.3513117,-0.003448814,0.006364925,normal
10/01/2019,100.3264339,-0.000247907,0.006209028,normal
11/01/2019,100.2908312,-0.000354869,0.005976263,normal
14/01/2019,101.184152,0.008907303,0.005759539,normal
15/01/2019,99.15378542,-0.020066053,0.006067363,normal
16/01/2019,98.83696722,-0.00319522,0.008232771,normal
17/01/2019,99.3668324,0.005361002,0.007933883,normal
18/01/2019,100.012765,0.006500485,0.007729144,normal
21/01/2019,100.9031373,0.008902586,0.007608026,normal
22/01/2019,100.2353063,-0.006618536,0.00768409,normal
23/01/2019,99.78158794,-0.004526532,0.00761091,normal
24/01/2019,97.73889311,-0.020471661,0.007413321,normal
25/01/2019,98.70026724,0.009836147,0.009245577,normal
28/01/2019,98.86820972,0.00170154,0.009231945,normal
29/01/2019,99.04762863,0.001814728,0.00882479,normal
30/01/2019,98.99515849,-0.000529747,0.008443203,normal
31/01/2019,98.52852579,-0.004713692,0.008075029,normal
01/02/2019,98.76054143,0.002354807,0.00785213,normal
04/02/2019,98.39862185,-0.003664617,0.007539751,normal
05/02/2019,99.26588437,0.008813767,0.007306556,normal
06/02/2019,98.88092674,-0.003878046,0.007407948,normal
07/02/2019,98.39549989,-0.004909206,0.007193768,normal
08/02/2019,98.50049803,0.001067103,0.007050164,normal
11/02/2019,99.27156895,0.007828092,0.006766775,normal
12/02/2019,99.26447878,-7.14E-05,0.006839738,normal
13/02/2019,100.2299074,0.009725822,0.006565933,normal
14/02/2019,100.0017031,-0.002276808,0.006850586,normal
15/02/2019,100.6623159,0.006606015,0.006613963,normal
18/02/2019,100.178309,-0.004808223,0.006602423,normal
19/02/2019,101.0049154,0.008251351,0.00650226,normal
20/02/2019,101.6969743,0.006851735,0.006644179,normal
21/02/2019,102.180709,0.004756628,0.006648695,normal
22/02/2019,102.1456191,-0.000343409,0.006512285,normal
25/02/2019,102.5940022,0.004389646,0.006260665,normal
26/02/2019,102.869572,0.002686022,0.006135861,normal
27/02/2019,103.2115102,0.003323997,0.005946586,normal
28/02/2019,103.4368487,0.002183269,0.00579524,normal
01/03/2019,103.8213354,0.003717115,0.005615005,normal
04/03/2019,104.007213,0.00179036,0.005508167,normal
05/03/2019,104.9482766,0.009048061,0.005338378,normal
06/03/2019,103.5055972,-0.013746576,0.005727169,normal
07/03/2019,104.2563579,0.007253335,0.006810301,normal
08/03/2019,104.1985823,-0.000554168,0.006830076,normal
11/03/2019,104.3767633,0.001710013,0.00656012,normal
12/03/2019,103.9427274,-0.004158358,0.006317012,normal
13/03/2019,104.5915196,0.006241824,0.006202144,normal
14/03/2019,103.9765258,-0.005879959,0.00620362,normal
15/03/2019,103.534589,-0.004250352,0.006216741,normal
18/03/2019,104.0213438,0.004701374,0.006115659,normal
19/03/2019,103.7457793,-0.002649115,0.006020546,normal
20/03/2019,103.6485728,-0.000936968,0.005855833,normal
21/03/2019,105.5597142,0.018438666,0.005654401,normal
22/03/2019,104.5369886,-0.009688597,0.007469211,normal
25/03/2019,105.7827173,0.011916631,0.007692109,normal
26/03/2019,107.8629925,0.019665549,0.008064212,normal
27/03/2019,109.3213877,0.013520811,0.009440978,normal
28/03/2019,109.877259,0.005084744,0.009754047,normal
29/03/2019,108.7997304,-0.009806657,0.009407258,normal
01/04/2019,109.6854859,0.008141155,0.009423195,normal
02/04/2019,109.5057516,-0.001638633,0.009266715,normal
03/04/2019,109.2641057,-0.002206697,0.008863802,normal
04/04/2019,109.1830755,-0.000741599,0.008496435,normal
05/04/2019,108.898549,-0.002605958,0.008126948,normal
08/04/2019,108.2598949,-0.00586467,0.007816086,normal
09/04/2019,107.9524343,-0.002840024,0.007679744,normal
10/04/2019,107.6676533,-0.002638023,0.007405443,normal
11/04/2019,106.11773,-0.01439544,0.007142822,normal
12/04/2019,106.5380747,0.003961116,0.008018414,normal
15/04/2019,108.1180263,0.014829924,0.00774401,normal
16/04/2019,108.6151677,0.004598136,0.008470724,normal
17/04/2019,108.3473371,-0.002465867,0.008190928,normal
18/04/2019,109.7403508,0.012856926,0.007872001,normal
19/04/2019,109.6133323,-0.001157446,0.008327391,normal
22/04/2019,110.4038605,0.007211972,0.007972882,normal
23/04/2019,109.9460858,-0.004146366,0.007878587,normal
24/04/2019,109.7859789,-0.001456231,0.007642568,normal
25/04/2019,109.8958485,0.001000762,0.007334706,normal
26/04/2019,109.7783306,-0.001069357,0.007033107,normal
29/04/2019,109.0391729,-0.006733184,0.006756849,normal
30/04/2019,108.61465,-0.003893306,0.00678254,normal
01/05/2019,108.5102743,-0.000960973,0.006616122,normal
02/05/2019,109.5875061,0.009927464,0.006364815,normal
03/05/2019,109.8139248,0.002066099,0.006700357,normal
06/05/2019,109.6430507,-0.001556033,0.006455387,normal
07/05/2019,109.4585233,-0.001682983,0.006225968,normal
08/05/2019,109.4879758,0.000269075,0.006015155,normal
09/05/2019,110.3933471,0.008269139,0.005793441,normal
10/05/2019,109.9471721,-0.004041684,0.006026921,normal
13/05/2019,110.3500148,0.003663966,0.005929783,normal
14/05/2019,111.09835,0.006781469,0.005794942,normal
15/05/2019,110.7689462,-0.002964975,0.005884264,normal
16/05/2019,110.5424911,-0.002044392,0.005743268,normal
17/05/2019,110.4984448,-0.000398456,0.005577111,normal
20/05/2019,111.2666757,0.006952413,0.005387594,normal
21/05/2019,111.980892,0.00641896,0.005541148,normal
22/05/2019,112.7893617,0.007219711,0.0056276,normal
23/05/2019,112.8506579,0.000543457,0.005776973,normal
24/05/2019,112.732205,-0.001049642,0.005571672,normal
27/05/2019,111.7844113,-0.00840748,0.005391841,normal
28/05/2019,112.3876571,0.00539651,0.005761397,normal
29/05/2019,113.3564113,0.008619756,0.005743789,normal
30/05/2019,113.119269,-0.002092005,0.006021856,normal
31/05/2019,113.5107879,0.003461115,0.005837092,normal
03/06/2019,112.1657516,-0.011849414,0.005700213,normal
04/06/2019,111.3591129,-0.007191488,0.006486067,normal
05/06/2019,112.5395968,0.010600694,0.006580958,normal
06/06/2019,114.0505768,0.013426208,0.006962508,normal
07/06/2019,114.1006168,0.000438752,0.007639052,normal
10/06/2019,114.1023546,1.52E-05,0.007315929,normal
11/06/2019,114.1674084,0.000570135,0.007012454,normal
12/06/2019,113.6077589,-0.004902008,0.006727992,normal
13/06/2019,113.1281679,-0.004221463,0.006622904,normal
14/06/2019,113.9218004,0.00701534,0.006486445,normal
17/06/2019,114.3322748,0.003603123,0.006520318,normal
18/06/2019,113.8205597,-0.004475683,0.006337624,normal
19/06/2019,116.0119258,0.019252814,0.006239719,normal
20/06/2019,117.108769,0.009454573,0.008025672,normal
21/06/2019,118.5218045,0.012066009,0.008105579,normal
24/06/2019,118.4265299,-0.000803858,0.008437184,normal
25/06/2019,118.5208303,0.000796278,0.008071826,normal
26/06/2019,117.8832869,-0.005379168,0.007724237,normal
27/06/2019,117.9475981,0.00054555,0.007565369,normal
28/06/2019,118.3103428,0.003075473,0.007246992,normal
01/07/2019,117.6763906,-0.005358383,0.006993491,normal
02/07/2019,117.3754629,-0.002557247,0.006894678,normal
03/07/2019,115.587146,-0.015235867,0.006664046,normal
04/07/2019,115.6985019,0.000963393,0.007772738,normal
05/07/2019,115.9356236,0.002049479,0.007444188,normal
08/07/2019,115.5992852,-0.002901078,0.00715096,normal
09/07/2019,116.8120081,0.010490747,0.0069147,normal
10/07/2019,117.3185741,0.004336591,0.007235448,normal
11/07/2019,118.2179173,0.007665822,0.007032369,normal
12/07/2019,118.2002744,-0.00014924,0.00706313,normal
15/07/2019,118.1303622,-0.000591473,0.006775768,normal
16/07/2019,118.2896593,0.001348486,0.006509609,normal
17/07/2019,117.9301428,-0.00303929,0.006263863,normal
18/07/2019,119.2786438,0.011434745,0.006097058,normal
19/07/2019,117.8694313,-0.011814458,0.006661081,normal
22/07/2019,118.3443756,0.00402941,0.0072588,normal
23/07/2019,117.3456626,-0.00843904,0.007040325,normal
24/07/2019,116.7368321,-0.005188351,0.007189074,normal
25/07/2019,117.3707773,0.00543055,0.007062716,normal
26/07/2019,118.2591042,0.007568553,0.006930981,normal
29/07/2019,119.4861373,0.010375802,0.006964204,normal
30/07/2019,119.1871928,-0.002501918,0.007265362,normal
31/07/2019,118.1941525,-0.00833177,0.007007776,normal
01/08/2019,117.9410267,-0.00214161,0.007149923,normal
02/08/2019,117.7731308,-0.001423558,0.006889352,normal
05/08/2019,117.9523709,0.00152191,0.006628576,normal
06/08/2019,118.6968411,0.006311617,0.006377761,normal
07/08/2019,117.8851749,-0.006838145,0.006367104,normal
08/08/2019,118.3499621,0.003942711,0.006443486,normal
09/08/2019,119.2488664,0.007595307,0.006281719,normal
12/08/2019,119.9753864,0.006092469,0.006388315,normal
13/08/2019,120.3018884,0.002721409,0.006360355,normal
14/08/2019,118.1483391,-0.01790121,0.006156345,normal
15/08/2019,118.0603254,-0.000744942,0.007868039,normal
16/08/2019,120.3116864,0.019069581,0.007536099,normal
19/08/2019,120.6725006,0.002998995,0.008941202,normal
20/08/2019,119.8988741,-0.006410959,0.00857662,normal
21/08/2019,120.2553999,0.002973554,0.008411977,normal
22/08/2019,121.2920709,0.008620578,0.008079722,normal
23/08/2019,120.7094953,-0.004803081,0.008082423,normal
26/08/2019,120.6269007,-0.000684243,0.00786355,normal
27/08/2019,121.4188472,0.006565256,0.007531266,normal
28/08/2019,120.8422325,-0.004748972,0.007431617,normal
29/08/2019,122.5351166,0.014009043,0.007259803,normal
30/08/2019,123.5902025,0.008610478,0.007961905,normal
02/09/2019,123.1032205,-0.003940296,0.007975664,normal
03/09/2019,123.236368,0.001081592,0.007723472,normal
04/09/2019,122.459825,-0.006301248,0.007398896,normal
05/09/2019,121.371686,-0.008885682,0.007328794,normal
06/09/2019,122.4159534,0.008603879,0.007487167,normal
09/09/2019,122.137692,-0.002273081,0.007549944,normal
10/09/2019,122.024177,-0.000929402,0.007266843,normal
11/09/2019,121.5450451,-0.003926532,0.006973911,normal
12/09/2019,119.8232559,-0.014165852,0.006794452,normal
13/09/2019,120.1244326,0.002513508,0.00770586,normal
16/09/2019,120.9095527,0.00653589,0.007406437,normal
17/09/2019,121.4710775,0.004644173,0.007315829,normal
18/09/2019,120.7141168,-0.006231613,0.007121428,normal
19/09/2019,121.0463452,0.002752192,0.007071919,normal
20/09/2019,120.2462247,-0.006610034,0.006820189,normal
23/09/2019,120.1573675,-0.00073896,0.006829298,normal
24/09/2019,119.7207913,-0.00363337,0.006561386,normal
25/09/2019,120.0029273,0.002356616,0.006399201,normal
26/09/2019,120.0450972,0.000351407,0.006181659,normal
27/09/2019,120.8717481,0.00688617,0.005949172,normal
30/09/2019,121.5909796,0.005950368,0.006030263,normal
01/10/2019,120.8194562,-0.006345235,0.006026772,normal
02/10/2019,120.2131548,-0.005018243,0.006097403,normal
03/10/2019,120.337151,0.00103147,0.006056522,normal
04/10/2019,120.2104858,-0.001052585,0.005836403,normal
07/10/2019,119.8612589,-0.002905129,0.005638318,normal
08/10/2019,119.3465243,-0.00429442,0.005513989,normal
09/10/2019,119.6122255,0.0022263,0.005478492,normal
10/10/2019,119.7886508,0.001474977,0.0053224,normal
11/10/2019,120.01789,0.001913697,0.005159198,normal
14/10/2019,119.9419481,-0.000632755,0.005017939,normal
15/10/2019,120.6156561,0.005616951,0.004870569,normal
16/10/2019,120.8231602,0.001720374,0.004965003,normal
17/10/2019,120.7906757,-0.000268859,0.004833379,normal
18/10/2019,121.5476425,0.006266765,0.004695313,normal
21/10/2019,120.3896303,-0.009527229,0.004871357,normal
22/10/2019,119.8735815,-0.004286489,0.005482478,normal
23/10/2019,122.3581832,0.02072685,0.005449425,normal
24/10/2019,122.2327894,-0.00102481,0.007785804,normal
25/10/2019,122.1602484,-0.000593466,0.00746221,normal
28/10/2019,121.0227415,-0.009311597,0.007153423,normal
29/10/2019,120.7096869,-0.002586742,0.007376778,normal
30/10/2019,121.770473,0.008787912,0.007114426,normal
31/10/2019,124.0452585,0.018680929,0.007235268,normal
01/11/2019,124.938372,0.0071999,0.008649801,normal
04/11/2019,125.2587312,0.002564138,0.008496223,normal
05/11/2019,126.1076434,0.00677727,0.008148548,normal
06/11/2019,126.5578418,0.003569953,0.00800974,normal
07/11/2019,126.5151373,-0.000337431,0.007721727,normal
08/11/2019,127.1247745,0.00481869,0.007395205,normal
11/11/2019,128.2402165,0.008774387,0.007203488,normal
12/11/2019,128.7775536,0.004190082,0.007312901,normal
13/11/2019,128.341947,-0.003382629,0.007097506,normal
14/11/2019,128.8192199,0.00371876,0.006883984,normal
15/11/2019,127.9428644,-0.006802987,0.006679496,normal
18/11/2019,128.0703014,0.000996046,0.006719113,normal
19/11/2019,127.1658275,-0.007062324,0.006455829,normal
20/11/2019,127.1081248,-0.00045376,0.006542398,normal
21/11/2019,125.9836525,-0.008846581,0.006289752,normal
22/11/2019,125.4593296,-0.004161833,0.006577593,normal
25/11/2019,126.3895768,0.007414731,0.006441515,normal
26/11/2019,124.4566981,-0.015293023,0.006514045,normal
27/11/2019,123.6303221,-0.006639867,0.007666907,normal
28/11/2019,123.7765944,0.001183143,0.007596857,normal
29/11/2019,123.6859094,-0.000732651,0.007280958,normal
02/12/2019,123.9109562,0.001819502,0.006984737,shock
03/12/2019,125.8506508,0.01565394,0.006716215,shock
04/12/2019,125.8434786,-5.70E-05,0.007765999,shock
05/12/2019,125.8319945,-9.13E-05,0.007435498,shock
06/12/2019,126.7630865,0.007399485,0.007125071,shock
09/12/2019,125.8447944,-0.00724416,0.007124722,shock
10/12/2019,127.3065432,0.011615488,0.007155128,shock
11/12/2019,127.9749041,0.005250012,0.007570361,shock
12/12/2019,129.1119555,0.008884956,0.007387684,shock
13/12/2019,129.4504101,0.002621404,0.00748648,shock
16/12/2019,125.5571031,-0.030075664,0.007203871,shock
17/12/2019,124.5962574,-0.007652659,0.011111964,shock
18/12/2019,124.3905498,-0.001650993,0.010823425,shock
19/12/2019,124.8621335,0.003791154,0.01033043,shock
20/12/2019,126.3872051,0.012214044,0.009902114,shock
23/12/2019,128.8437858,0.019436941,0.010028919,shock
24/12/2019,129.3910805,0.004247738,0.010974465,shock
25/12/2019,123.4631534,-0.045814031,0.010520238,shock
26/12/2019,121.588443,-0.015184372,0.016683612,shock
27/12/2019,122.2748622,0.005645431,0.01645677,shock
30/12/2019,131.1258212,0.072385761,0.015718403,shock
31/12/2019,106.6703792,-0.186503633,0.024727033,shock
01/01/2020,117.5257628,0.10176568,0.062989559,shock
02/01/2020,107.9811603,-0.081212853,0.065723781,shock
03/01/2020,95.46105603,-0.115947117,0.066826815,shock
06/01/2020,109.9359119,0.151631006,0.072387543,shock
07/01/2020,95.12563419,-0.134717378,0.079411034,shock
08/01/2020,119.7040232,0.258378188,0.085773214,shock
09/01/2020,99.3270777,-0.170227741,0.104111024,shock
10/01/2020,113.3878583,0.141560397,0.112022285,shock
13/01/2020,64.65159559,-0.42981906,0.112660339,shock
14/01/2020,74.08529294,0.145915925,0.191559913,shock
15/01/2020,45.13224557,-0.39080695,0.185756894,shock
16/01/2020,50.20530156,0.112404245,0.225224525,shock
17/01/2020,42.98181622,-0.143878935,0.21577351,shock
20/01/2020,33.90936797,-0.211076428,0.209379648,shock
21/01/2020,59.20243488,0.745902045,0.209672757,shock
22/01/2020,100.874748,0.703895258,0.253752404,shock
23/01/2020,137.0306839,0.358424051,0.283992951,shock
24/01/2020,193.9418341,0.415316837,0.2829893,shock
27/01/2020,483.6187741,1.493627929,0.28585796,shock
28/01/2020,534.0449111,0.104268361,0.374570363,shock
29/01/2020,2558.342736,3.790501103,0.356450373,shock
30/01/2020,2404.920492,-0.059969386,0.557350992,shock
31/01/2020,420.5744085,-0.825119205,0.529042001,shock
03/02/2020,855.4205156,1.033933825,0.703697198,shock
04/02/2020,3139.06953,2.669621517,0.697115143,shock
05/02/2020,7099.51786,1.261663143,0.756665357,shock
06/02/2020,1360.131758,-0.808419137,0.754015733,shock
07/02/2020,206.3975468,-0.848251799,0.854514918,shock
10/02/2020,3330.070516,15.13425434,0.970395637,shock
11/02/2020,7564.298761,1.271513088,1.2108213,shock
12/02/2020,112047.3293,13.81265255,1.171878706,shock
13/02/2020,673491910,6009.78057,1.348005114,shock
14/02/2020,33612887596,48.90837618,2.773463367,shock
17/02/2020,1.22E+12,35.19148095,2.854103596,shock
18/02/2020,6.42E+11,-0.472356569,2.891635068,shock
19/02/2020,57295614513,-0.910737578,2.749204118,shock
20/02/2020,1.18E+13,204.3220515,2.696189165,shock
21/02/2020,1.06E+18,89975.76947,2.968228852,shock
24/02/2020,2.66E+16,-0.974869323,4.282410837,shock
25/02/2020,2.40E+21,90216.99268,4.194142494,shock
26/02/2020,7.91E+19,-0.967041832,5.123117562,shock
27/02/2020,3.46E+25,437562.1624,4.955144047,shock
28/02/2020,1.58E+25,-0.542400559,5.966128894,shock
02/03/2020,2.75E+27,172.4482187,5.664287015,shock
03/03/2020,1.12E+30,406.4368395,5.567960523,shock
04/03/2020,9.25E+28,-0.917378073,5.548985161,shock
05/03/2020,5.69E+25,-0.999384733,5.311271425,shock
06/03/2020,2.58E+34,452655378.3,5.455454188,shock
09/03/2020,3.02E+27,-0.999999883,7.6526768,shock
10/03/2020,7.71E+22,-0.999974482,8.54884358,shock
11/03/2020,1.54E+31,200183327.1,8.644257103,shock
12/03/2020,7.34E+34,4755.825333,9.822423892,shock
13/03/2020,1.32E+22,-1,9.621192777,shock
16/03/2020,1.11E+21,-0.916196149,12.33678358,shock
17/03/2020,20277528868,-1,11.72469388,shock
18/03/2020,1.83E-05,-1,13.13883395,shock
19/03/2020,2.29E-09,-0.999875096,15.85432709,shock
20/03/2020,3.60E-10,-0.842582081,15.25407303,shock
23/03/2020,5.71E+13,1.59E+23,14.48073206,shock
24/03/2020,82412243.78,-0.999998558,20.42098915,shock
25/03/2020,5.03E-21,-1,19.74299989,shock
26/03/2020,4.87E-23,-0.990308608,26.23851658,shock
27/03/2020,1.08E+21,2.21E+43,24.92656692,shock
30/03/2020,9.72E+45,9.04E+24,36.82457407,shock
31/03/2020,4.16E-12,-1,38.53059131,shock
01/04/2020,8.52E+18,2.05E+30,52.26969116,shock
02/04/2020,2.45E+122,2.87E+103,53.37235411,shock
03/04/2020,6.11E+250,2.50E+128,84.28345001,shock
06/04/2020,6.70E+290,1.10E+40,115.6972614,shock
07/04/2020,inf,3.49E+207,112.8151709,shock
08/04/2020,inf,2.81E+135,172.4077662,shock
09/04/2020,inf,4.06E+54,185.8322598,shock
10/04/2020,inf,1.62E+37,179.8474388,shock
13/04/2020,inf,-1,172.3305552,shock
14/04/2020,inf,3.95E+98,278.3342256,shock
15/04/2020,inf,3.66E+302,271.7466948,shock
16/04/2020,inf,inf,324.4851022,shock
17/04/2020,inf,2.43E+192,683.9159444,shock
20/04/2020,inf,-1,660.8067598,shock
21/04/2020,inf,-1,648.4126589,shock
22/04/2020,inf,-1,615.2091515,shock
23/04/2020,inf,inf,721.7678331,shock
24/04/2020,inf,inf,719.5090745,shock
27/04/2020,0,-1,718.8930254,shock
28/04/2020,0,-1,2062.482189,shock
29/04/2020,0,inf,3263.82805,shock
30/04/2020,0,-1,3345.476214,shock
01/05/2020,0,-1,5042.468029,shock
04/05/2020,0,inf,5123.173276,shock
05/05/2020,0,-1,5757.772199,shock
06/05/2020,0,-1,7330.736175,shock
07/05/2020,0,inf,7307.16897,shock
08/05/2020,0,inf,7275.488458,shock
11/05/2020,inf,inf,11133.53118,shock
12/05/2020,inf,inf,13160.64329,shock
13/05/2020,inf,-1,13777.52188,shock
14/05/2020,inf,inf,15524.95655,shock
15/05/2020,0,-1,33450.96375,shock
18/05/2020,0,-1,52280.59256,shock
19/05/2020,0,inf,49773.41047,shock
20/05/2020,0,-1,48246.07339,shock
21/05/2020,0,-1,55051.71824,shock
22/05/2020,0,inf,106485.4565,shock
25/05/2020,0,inf,106170.3718,shock
26/05/2020,inf,inf,101791.0532,shock
27/05/2020,inf,-1,153572.4969,shock
28/05/2020,inf,inf,146167.3925,shock
29/05/2020,inf,inf,158881.3737,shock
01/06/2020,inf,-1,178201.4382,shock
02/06/2020,0,-1,228765.2222,shock
03/06/2020,inf,inf,242760.8304,shock
04/06/2020,inf,inf,241072.0994,shock
05/06/2020,inf,-1,233814.9283,shock
08/06/2020,0,-1,226338.419,shock
09/06/2020,0,-1,216772.7671,shock
10/06/2020,0,inf,309278.1418,shock
11/06/2020,0,-1,341460.4384,shock
12/06/2020,0,-1,326176.2708,shock
15/06/2020,0,inf,309866.8171,shock
16/06/2020,0,-1,305219.0864,shock
17/06/2020,0,-1,291263.8965,shock
18/06/2020,inf,inf,276350.682,shock
19/06/2020,0,-1,287212.4424,shock
22/06/2020,inf,inf,311935.3995,shock
23/06/2020,inf,inf,361091.538,shock
24/06/2020,inf,inf,349603.3409,shock
25/06/2020,inf,-1,436034.4816,shock
26/06/2020,0,-1,492271.8067,shock
29/06/2020,0,inf,545890.6292,shock
30/06/2020,0,-1,526942.4387,normal
01/07/2020,inf,inf,508238.6298,normal
02/07/2020,inf,inf,500080.6613,normal
03/07/2020,0,-1,474428.4308,normal
06/07/2020,0,-1,466304.4159,normal
07/07/2020,0,inf,442730.3075,normal
08/07/2020,inf,inf,422997.3842,normal
09/07/2020,inf,inf,405220.5097,normal
10/07/2020,inf,inf,396668.1351,normal
13/07/2020,inf,-1,398024.3639,normal
14/07/2020,inf,-1,392435.1607,normal
15/07/2020,0,-1,387909.6868,normal
16/07/2020,0,-1,377965.9396,normal
17/07/2020,0,-1,367840.9562,normal
20/07/2020,0,-1,358543.4589,normal
21/07/2020,0,inf,349895.8054,normal
22/07/2020,0,-1,352131.563,normal
23/07/2020,0,-1,343904.1289,normal
24/07/2020,0,-1,326974.0934,normal
27/07/2020,0,inf,317460.0912,normal
28/07/2020,0,inf,302101.316,normal
29/07/2020,0,inf,287556.1292,normal
30/07/2020,0,inf,280408.6362,normal
31/07/2020,0,-1,282391.382,normal
03/08/2020,0,-1,277630.3703,normal
04/08/2020,0,inf,263419.9954,normal
05/08/2020,0,-1,281265.7163,normal
06/08/2020,0,-1,269291.2009,normal
07/08/2020,0,-1,255474.9633,normal
10/08/2020,0,-1,246809.6923,normal
11/08/2020,0,-1,234237.5855,normal
12/08/2020,0,inf,222843.7586,normal
13/08/2020,0,-1,218162.3064,normal
14/08/2020,0,-1,221065.2682,normal
17/08/2020,0,inf,213520.9428,normal
18/08/2020,0,inf,221975.899,normal
19/08/2020,0,-1,214910.9643,normal
20/08/2020,0,-1,211585.3165,normal
21/08/2020,0,-1,200890.0022,normal
24/08/2020,0,inf,214891.5185,normal
25/08/2020,0,-1,207462.6108,normal
26/08/2020,0,inf,207591.364,normal
27/08/2020,0,inf,198096.6884,normal
28/08/2020,0,-1,188081.5664,normal
31/08/2020,0,inf,205137.486,normal
01/09/2020,0,inf,202640.4578,normal
02/09/2020,0,inf,210012.5832,normal
03/09/2020,0,-1,203487.66,normal
04/09/2020,0,-1,195339.2153,normal
07/09/2020,0,inf,186535.6993,normal
08/09/2020,0,inf,191081.3261,normal
09/09/2020,0,inf,181731.011,normal
10/09/2020,0,-1,220496.3035,normal
11/09/2020,0,-1,211245.2833,normal
14/09/2020,0,inf,204137.9314,normal
15/09/2020,0,-1,193823.7015,normal
16/09/2020,0,inf,186581.9405,normal
17/09/2020,0,inf,177303.0843,normal
18/09/2020,0,-1,189626.668,normal
21/09/2020,0,-1,232622.1824,normal
22/09/2020,0,inf,225200.6775,normal
23/09/2020,0,inf,216875.1712,normal
24/09/2020,0,inf,205760.0904,normal
25/09/2020,0,inf,196368.2551,normal
28/09/2020,0,-1,187576.0832,normal
29/09/2020,0,inf,177952.2647,normal
30/09/2020,0,inf,170856.0199,normal
01/10/2020,0,inf,163996.2202,normal
02/10/2020,0,-1,157412.2828,normal
05/10/2020,inf,inf,149360.571,normal
06/10/2020,0,-1,170047.9518,normal
07/10/2020,0,-1,164633.7522,normal
08/10/2020,0,-1,207795.9368,normal
09/10/2020,0,-1,201925.2962,normal
12/10/2020,0,-1,192060.8214,normal
13/10/2020,0,-1,186254.6852,normal
14/10/2020,0,-1,177221.7152,normal
15/10/2020,0,-1,169120.3646,normal
16/10/2020,0,inf,163577.6103,normal
19/10/2020,0,inf,155212.3996,normal
20/10/2020,0,-1,150742.4897,normal
21/10/2020,0,inf,155962.4048,normal
22/10/2020,0,inf,148318.3549,normal
23/10/2020,0,-1,146732.5977,normal
26/10/2020,0,-1,141110.2079,normal
27/10/2020,0,inf,142485.624,normal
28/10/2020,0,inf,151721.4832,normal
29/10/2020,0,inf,154418.4432,normal
30/10/2020,0,-1,178083.0748,normal
02/11/2020,0,-1,170018.1639,normal
03/11/2020,0,-1,161565.3005,normal
04/11/2020,0,inf,162467.0828,normal
05/11/2020,0,inf,155353.3688,normal
06/11/2020,0,-1,155582.9508,normal
09/11/2020,0,-1,154626.9806,normal
10/11/2020,0,inf,149442.0417,normal
11/11/2020,0,-1,142763.8957,normal
12/11/2020,0,inf,136525.4891,normal
13/11/2020,0,-1,130855.3782,normal
16/11/2020,0,inf,140012.7128,normal
17/11/2020,0,-1,133651.9001,normal
18/11/2020,0,-1,130773.8858,normal
19/11/2020,0,-1,129942.5586,normal
20/11/2020,0,inf,123632.5073,normal
23/11/2020,0,-1,117318.5264,normal
24/11/2020,0,-1,111616.7526,normal
25/11/2020,0,inf,115466.6394,normal
26/11/2020,0,inf,109645.951,normal
27/11/2020,0,inf,105250.8523,normal
30/11/2020,0,inf,102326.6709,normal
01/12/2020,0,inf,97086.31431,normal
02/12/2020,0,-1,93496.42643,normal
03/12/2020,0,inf,91568.61786,normal
04/12/2020,0,-1,87957.09078,normal
07/12/2020,0,inf,86459.22162,normal
08/12/2020,0,inf,82631.61692,normal
09/12/2020,0,-1,78410.04605,normal
10/12/2020,0,-1,100178.0137,normal
11/12/2020,0,inf,97846.11096,normal
14/12/2020,0,-1,101154.6715,normal
15/12/2020,0,-1,96342.45217,normal
16/12/2020,0,-1,97120.93907,normal
17/12/2020,0,inf,92405.07956,normal
18/12/2020,0,inf,88284.11855,normal
21/12/2020,0,-1,92144.85365,normal
22/12/2020,0,inf,113344.0311,normal
23/12/2020,0,-1,107629.8056,normal
24/12/2020,0,-1,106849.895,normal
25/12/2020,0,-1,101366.7125,normal
28/12/2020,0,inf,101072.9844,normal
29/12/2020,0,inf,96248.2723,normal
30/12/2020,0,-1,92909.47844,normal
31/12/2020,0,inf,131918.2076,normal
01/01/2021,0,-1,127127.155,normal
04/01/2021,0,-1,121249.5795,normal
05/01/2021,0,-1,115300.4147,normal
06/01/2021,0,-1,111154.4112,normal
07/01/2021,0,-1,110649.8763,normal
08/01/2021,0,inf,108275.3407,normal
11/01/2021,0,inf,103029.869,normal
12/01/2021,0,-1,97788.08989,normal
13/01/2021,0,inf,99426.9023,normal
14/01/2021,0,-1,95117.20604,normal
15/01/2021,0,inf,90758.29286,normal
18/01/2021,0,inf,86143.86021,normal
19/01/2021,0,-1,82420.01128,normal
20/01/2021,0,inf,78705.13174,normal
21/01/2021,0,-1,78999.55082,normal
22/01/2021,0,-1,76079.21746,normal
25/01/2021,0,-1,78107.42512,normal
26/01/2021,0,-1,75207.41174,normal
27/01/2021,0,-1,71378.95937,normal
28/01/2021,0,-1,68405.80462,normal
29/01/2021,0,inf,66879.46879,normal
01/02/2021,0,inf,64475.50552,normal
02/02/2021,0,inf,61167.84277,normal
03/02/2021,0,inf,61649.81055,normal
04/02/2021,0,inf,58493.79879,normal
05/02/2021,0,inf,61429.91491,normal
08/02/2021,0,inf,60036.21052,normal
09/02/2021,0,-1,58197.43408,normal
10/02/2021,0,-1,57758.20052,normal
11/02/2021,0,inf,56386.38383,normal
12/02/2021,0,inf,53684.77855,normal
15/02/2021,0,-1,50933.692,normal
16/02/2021,0,-1,51072.42906,normal
17/02/2021,0,-1,50587.27894,normal
18/02/2021,0,-1,50483.13817,normal
19/02/2021,0,-1,49895.19398,normal
22/02/2021,0,inf,51245.31945,normal
23/02/2021,0,inf,50087.28125,normal
24/02/2021,0,-1,47520.68923,normal
25/02/2021,0,-1,46262.02493,normal
26/02/2021,0,-1,44440.81331,normal
01/03/2021,0,inf,43351.47559,normal
02/03/2021,0,inf,41374.792,normal
03/03/2021,0,-1,40122.24296,normal
04/03/2021,0,-1,38069.75039,normal
05/03/2021,0,inf,42964.88315,normal
08/03/2021,0,-1,40763.02386,normal
09/03/2021,0,-1,49241.26963,normal
10/03/2021,0,inf,47133.06273,normal
11/03/2021,0,inf,44967.87521,normal
12/03/2021,0,inf,42661.61662,normal
15/03/2021,0,-1,42842.48238,normal
16/03/2021,0,-1,41742.50925,normal
17/03/2021,0,inf,40258.14647,normal
18/03/2021,0,-1,40634.49409,normal
19/03/2021,0,-1,40546.44356,normal
22/03/2021,0,inf,38467.7932,normal
23/03/2021,0,inf,37084.21129,normal
24/03/2021,0,inf,35216.92851,normal
25/03/2021,0,inf,34513.03215,normal
26/03/2021,0,-1,33518.37337,normal
29/03/2021,0,inf,32833.71527,normal
30/03/2021,0,inf,31624.19256,normal
31/03/2021,0,2.01E+34,31971.52049,normal
01/04/2021,0,inf,30330.85573,normal
02/04/2021,0,-1,28885.54471,normal
05/04/2021,0,-1,27506.70765,normal
06/04/2021,0,-1,26122.07734,normal
07/04/2021,0,-1,25878.0952,normal
08/04/2021,0,-1,24685.66691,normal
09/04/2021,0,-1,24956.22626,normal
12/04/2021,0,-1,23859.6133,normal
13/04/2021,0,-1,26206.66699,normal
14/04/2021,0,-1,24861.87641,normal
15/04/2021,0,-1,24478.76123,normal
16/04/2021,0,-1,25260.08519,normal
19/04/2021,0,-1,25632.68208,normal
20/04/2021,0,inf,24749.28021,normal
21/04/2021,0,-1,25241.79173,normal
22/04/2021,0,inf,24172.67365,normal
23/04/2021,0,inf,23164.48796,normal
26/04/2021,0,inf,22238.23844,normal
27/04/2021,0,inf,26689.76929,normal
28/04/2021,0,-1,26871.19125,normal
29/04/2021,0,inf,26597.35421,normal
30/04/2021,0,-1,25733.60121,normal
03/05/2021,0,-1,25207.34751,normal
04/05/2021,0,-1,24052.30434,normal
05/05/2021,0,inf,22839.66835,normal
06/05/2021,0,-1,22971.72202,normal
07/05/2021,0,-1,21794.78556,normal
10/05/2021,0,-1,20676.50482,normal
11/05/2021,0,inf,24192.66214,normal
12/05/2021,0,-1,24427.76169,normal
13/05/2021,0,inf,23416.38541,normal
14/05/2021,0,inf,22890.67539,normal
17/05/2021,0,-1,22372.24761,normal
18/05/2021,0,inf,26461.09055,normal
19/05/2021,0,inf,25177.65218,normal
20/05/2021,0,-1,24108.41062,normal
21/05/2021,0,-1,22939.20838,normal
24/05/2021,0,inf,24112.54251,normal
25/05/2021,0,-1,23501.16152,normal
26/05/2021,0,inf,22529.63536,normal
27/05/2021,0,-1,24136.46577,normal
28/05/2021,0,1.11E+23,23199.94434,normal
31/05/2021,0,-1,22009.40483,normal
01/06/2021,0,inf,23473.22752,normal
02/06/2021,0,-1,23430.37664,normal
03/06/2021,0,inf,22660.8888,normal
04/06/2021,0,-1,21539.51791,normal
07/06/2021,0,-1,21024.78561,normal
08/06/2021,0,inf,20702.46186,normal
09/06/2021,0,inf,19681.3051,normal
10/06/2021,0,inf,19356.94198,normal
11/06/2021,0,inf,18459.57283,normal
14/06/2021,0,inf,22424.11115,normal
15/06/2021,0,-1,21439.91044,normal
16/06/2021,0,-1,20940.66447,normal
17/06/2021,0,inf,20289.95266,normal
18/06/2021,0,-1,19363.00255,normal
21/06/2021,0,-1,20203.64141,normal
22/06/2021,0,-1,19468.39632,normal
23/06/2021,0,inf,18488.31399,normal
24/06/2021,0,-1,17691.00823,normal
25/06/2021,0,inf,16901.44319,normal
28/06/2021,0,inf,16310.37537,normal
29/06/2021,0,-1,15703.68904,normal
30/06/2021,0,-1,17842.99885,normal
01/07/2021,0,inf,17027.18672,normal
02/07/2021,0,-1,17072.68448,normal
05/07/2021,0,inf,17073.53919,normal
06/07/2021,0,-1,16212.3927,normal
07/07/2021,0,-1,15679.82423,normal
08/07/2021,0,-1,15316.63753,normal
09/07/2021,0,inf,14537.33226,normal
12/07/2021,0,inf,14155.41228,normal
13/07/2021,0,-1,13444.88698,normal
14/07/2021,0,inf,13966.5419,normal
15/07/2021,0,-1,14029.6311,normal
16/07/2021,0,inf,13348.73651,normal
19/07/2021,0,-1,13180.54806,normal
20/07/2021,0,-1,12660.74179,normal
21/07/2021,0,-1,12034.41681,normal
22/07/2021,0,-1,13546.5897,normal
23/07/2021,0,-1,13398.86064,normal
26/07/2021,0,inf,13094.04985,normal
27/07/2021,0,inf,13724.89829,normal
28/07/2021,0,inf,14200.19223,normal
29/07/2021,0,inf,13621.40946,normal
30/07/2021,0,-1,13020.75736,normal
02/08/2021,0,inf,12377.92295,normal
03/08/2021,0,-1,11756.02562,normal
04/08/2021,0,inf,11905.74229,normal
05/08/2021,0,inf,11300.31433,normal
06/08/2021,0,-1,10723.62726,normal
09/08/2021,0,-1,10238.18156,normal
10/08/2021,0,-1,9714.34383,normal
11/08/2021,0,-1,10099.86497,normal
12/08/2021,0,inf,9707.694893,normal
13/08/2021,0,inf,9246.738917,normal
16/08/2021,0,inf,9141.814108,normal
17/08/2021,0,1.53E+259,9112.192505,normal
18/08/2021,0,inf,8646.232701,normal
19/08/2021,0,inf,8248.913287,normal
20/08/2021,0,inf,7848.63699,normal
23/08/2021,0,-1,7488.661707,normal
24/08/2021,0,1.18E+231,7144.497078,normal
25/08/2021,0,-1,6779.535524,normal
26/08/2021,0,inf,6515.004267,normal
27/08/2021,0,inf,6325.447928,normal
30/08/2021,0,inf,6471.618376,normal
31/08/2021,0,-1,6383.670701,normal
01/09/2021,0,inf,6097.838904,normal
02/09/2021,0,inf,5797.139282,normal
03/09/2021,0,inf,5649.374326,normal
06/09/2021,0,-1,5374.919903,normal
07/09/2021,0,inf,5275.964511,normal
08/09/2021,0,-1,5203.402731,normal
09/09/2021,0,-1,4955.963634,normal
10/09/2021,0,-1,4767.128335,normal
13/09/2021,0,-1,4561.641445,normal
14/09/2021,0,-1,4666.870001,normal
15/09/2021,0,-1,4585.687016,normal
16/09/2021,0,8.02E+269,4397.303335,normal
17/09/2021,0,-1,4175.349997,normal
20/09/2021,0,-1,3965.486159,normal
21/09/2021,0,inf,3805.672435,normal
22/09/2021,0,inf,3720.637042,normal
23/09/2021,0,-1,3606.709616,normal
24/09/2021,0,inf,3451.723762,normal
27/09/2021,0,-1,3821.869585,normal
28/09/2021,0,inf,3647.70826,normal
29/09/2021,0,-1,3466.465543,normal
30/09/2021,0,inf,3294.88875,normal
01/10/2021,0,inf,3168.601428,normal
04/10/2021,0,-1,3099.680548,normal
05/10/2021,0,-1,3088.810085,normal
06/10/2021,0,inf,2936.5005,normal
07/10/2021,0,inf,3002.288684,normal
08/10/2021,0,inf,3105.265866,normal
11/10/2021,0,-1,3057.723062,normal
12/10/2021,0,inf,3010.296248,normal
13/10/2021,0,-1,2866.139196,normal
14/10/2021,0,-1,2725.8383,normal
15/10/2021,0,-1,2693.722927,normal
18/10/2021,0,inf,2557.848644,normal
19/10/2021,0,-1,2458.726866,normal
20/10/2021,0,inf,2425.25881,normal
21/10/2021,0,-1,2692.506595,normal
22/10/2021,0,inf,2964.560695,normal
25/10/2021,0,-1,2879.964373,normal
26/10/2021,0,-1,2738.565925,normal
27/10/2021,0,-1,2651.051592,normal
28/10/2021,0,1.64E+293,2528.949304,normal
29/10/2021,0,-1,2406.759765,normal
01/11/2021,0,-1,2289.238926,normal
02/11/2021,0,inf,2421.421537,normal
03/11/2021,0,-1,2306.484498,normal
04/11/2021,0,1.72E+226,2266.941005,normal
05/11/2021,0,inf,2155.650352,normal
08/11/2021,0,-1,2285.761602,normal
09/11/2021,0,inf,2249.328404,normal
10/11/2021,0,-1,2173.431313,normal
11/11/2021,0,-1,2065.716124,normal
12/11/2021,0,inf,2030.544004,normal
15/11/2021,0,inf,2033.221855,normal
16/11/2021,0,2.09E+80,2219.195429,normal
17/11/2021,0,inf,2105.963403,normal
18/11/2021,0,1.63E+132,2067.664265,normal
19/11/2021,0,-1,1963.447548,normal
22/11/2021,0,4.30E+22,1964.874252,normal
23/11/2021,0,-1,1864.101667,normal
24/11/2021,0,inf,1770.668385,normal
25/11/2021,0,-1,1840.218511,normal
26/11/2021,0,-1,1752.126734,normal
29/11/2021,0,-1,1676.94559,normal
30/11/2021,0,-1,1595.409066,normal
01/12/2021,0,inf,1523.569169,normal
02/12/2021,0,-1,1490.637768,normal
03/12/2021,0,inf,1417.012671,normal
06/12/2021,0,inf,1460.818631,normal
07/12/2021,0,inf,1488.39473,normal
08/12/2021,0,6.62E+231,1479.066031,normal
09/12/2021,0,inf,1411.264338,normal
10/12/2021,0,1.51E+161,1415.127279,normal
13/12/2021,0,-1,1346.605235,normal
14/12/2021,0,inf,1291.685704,normal
15/12/2021,0,-1,1367.183938,normal
16/12/2021,0,-1,1395.243552,normal
17/12/2021,0,1.50E+29,1339.622537,normal
20/12/2021,0,4.84E+54,1271.019561,normal
21/12/2021,0,-1,1206.320871,normal
22/12/2021,0,-1,1164.245344,normal
23/12/2021,0,-1,1141.944277,normal
24/12/2021,0,inf,1118.029962,normal
27/12/2021,0,2.59E+187,1103.368342,normal
28/12/2021,0,inf,1053.839298,normal
29/12/2021,0,-1,1075.093489,normal
30/12/2021,0,-1,1098.247281,normal
31/12/2021,0,-1,1042.84064,normal
03/01/2022,0,1.88E+59,991.4923767,normal
04/01/2022,0,-1,941.4040513,normal
05/01/2022,0,-1,899.6239182,normal
06/01/2022,0,-1,853.6805247,normal
07/01/2022,0,inf,857.3281992,normal
10/01/2022,0,2.77E+111,856.0682034,normal
11/01/2022,0,inf,815.3742571,normal
12/01/2022,0,inf,819.4256863,normal
13/01/2022,0,-1,969.2860823,normal
14/01/2022,0,-1,952.5008628,normal
17/01/2022,0,-1,903.8512593,normal
18/01/2022,0,-1,864.4690214,normal
19/01/2022,0,-1,833.2484557,normal
20/01/2022,0,-1,792.0913373,normal
21/01/2022,0,-1,769.7794127,normal
24/01/2022,0,-1,745.3806319,normal
25/01/2022,0,-1,735.7069458,normal
26/01/2022,0,2.95E+88,725.0145093,normal
27/01/2022,0,-1,690.218218,normal
28/01/2022,0,inf,677.5957001,normal
31/01/2022,0,4.19E+290,738.7131247,normal
01/02/2022,0,4.35E+192,725.9143573,normal
02/02/2022,0,inf,699.9976002,normal
03/02/2022,0,1.01E+250,702.0799255,normal
04/02/2022,0,-1,685.6639231,normal
07/02/2022,0,-1,657.541663,normal
08/02/2022,0,-1,630.452608,normal
09/02/2022,0,-1,601.4170537,normal
10/02/2022,0,2.87E+81,587.0749003,normal
11/02/2022,0,2.13E+143,559.4690334,normal
14/02/2022,0,-1,538.9047371,normal
15/02/2022,0,5.59E+28,560.4534984,normal
16/02/2022,0,-1,532.0224073,normal
17/02/2022,0,-1,508.2970438,normal
18/02/2022,0,-1,484.9252538,normal
21/02/2022,0,-1,468.7922096,normal
22/02/2022,0,2.48E+167,494.7740074,normal
23/02/2022,0,-1,481.8778038,normal
24/02/2022,0,inf,457.2814388,normal
25/02/2022,0,-1,523.171025,normal
28/02/2022,0,-1,730.3488831,normal
01/03/2022,0,4.30E+267,798.136727,normal
02/03/2022,0,inf,776.9819933,normal
03/03/2022,0,4.25E+67,765.9910215,normal
04/03/2022,0,-1,728.0164145,normal
07/03/2022,0,-1,712.2687228,normal
08/03/2022,0,-1,703.7806091,normal
09/03/2022,0,1.68E+155,818.0159821,normal
10/03/2022,0,1.91E+170,782.5950288,normal
11/03/2022,0,-1,750.671671,normal
14/03/2022,0,1.26E+136,716.0810327,normal
15/03/2022,0,2.47E+160,685.0922056,normal
16/03/2022,0,-1,658.2764692,normal
17/03/2022,0,-1,624.8827852,normal
18/03/2022,0,-1,603.5279455,normal
21/03/2022,0,4.93E+21,573.8859389,normal
22/03/2022,0,4.46E+134,544.619279,normal
23/03/2022,0,9.04E+12,524.0602491,normal
24/03/2022,0,inf,497.238805,normal
25/03/2022,0,-1,514.6992501,normal
28/03/2022,0,-1,489.6254568,normal
29/03/2022,0,-1,474.6586785,normal
30/03/2022,0,inf,450.8853682,normal
31/03/2022,0,inf,505.8628655,normal
01/04/2022,0,7.02E+280,567.5127016,normal
04/04/2022,0,59725118.91,568.6109004,normal
05/04/2022,0,2.88E+141,539.4554362,normal
06/04/2022,0,1.57E+122,519.9986621,normal
07/04/2022,0,-1,499.6920267,normal
08/04/2022,0,1.52E+33,475.0477293,normal
11/04/2022,0,2.43E+65,451.1876385,normal
12/04/2022,0,-1,430.147245,normal
13/04/2022,0,6.64E+104,408.5579732,normal
14/04/2022,0,-1,393.5582127,normal
15/04/2022,0,-0.999997698,382.7604268,normal
18/04/2022,0,-1,363.1369891,normal
19/04/2022,0,2.94E+295,344.6099215,normal
20/04/2022,0,inf,379.3541438,normal
21/04/2022,0,-1,423.550751,normal
22/04/2022,0,1.07E+30,404.5004117,normal
25/04/2022,0,-1,384.2408242,normal
26/04/2022,0,-1,364.9787568,normal
27/04/2022,0,8.13E+205,380.2327358,normal
28/04/2022,0,6.71E+154,384.8412366,normal
29/04/2022,0,3.57E+55,378.761066,normal
02/05/2022,0,-1,361.1411356,normal
03/05/2022,0,-1,343.0953831,normal
04/05/2022,0,-1,326.5212948,normal
05/05/2022,0,2.02E+217,311.636259,normal
06/05/2022,0,-1,327.7718221,normal
09/05/2022,0,1.46E+42,313.645344,normal
10/05/2022,0,9.32E+145,298.8145043,normal
11/05/2022,0,-1,298.9958967,normal
12/05/2022,0,-1,303.4410719,normal
13/05/2022,0,-0.996047702,288.8774959,normal
16/05/2022,0,6.30E+119,274.057725,normal
17/05/2022,0,-1,271.4483994,normal
18/05/2022,0,-1,279.8886459,normal
19/05/2022,0,3.22E+34,313.8195039,normal
20/05/2022,0,-1,298.5623422,normal
23/05/2022,0,-1,285.1150449,normal
24/05/2022,0,-1,279.9672951,normal
25/05/2022,0,1.12E+78,277.3706986,normal
26/05/2022,0,-1,268.0017282,normal
27/05/2022,0,8.06E+33,291.4522748,normal
30/05/2022,0,-1,277.3762985,normal
31/05/2022,0,-1,277.061785,normal
01/06/2022,0,519.4097153,263.0702135,normal
02/06/2022,0,-1,249.5765872,normal
03/06/2022,0,-1,245.8392395,normal
06/06/2022,0,2.51E+146,242.6909623,normal
07/06/2022,0,-1,249.1981605,normal
08/06/2022,0,-1,241.6321757,normal
09/06/2022,0,-0.998147262,230.3615277,normal
10/06/2022,0,-1,218.5473783,normal
13/06/2022,0,2.25E+26,223.9700222,normal
14/06/2022,0,2.68E+109,213.1685731,normal
15/06/2022,0,2.62E+51,214.4196797,normal
16/06/2022,0,2.22E+39,206.1542973,normal
17/06/2022,0,180271.1041,197.2467037,normal
20/06/2022,0,1.27E+103,187.1559578,normal
21/06/2022,0,-0.999802007,189.8247918,normal
22/06/2022,0,40.62193544,180.0997609,normal
23/06/2022,0,-1,170.8608895,normal
24/06/2022,0,2.14E+63,162.6660858,normal
27/06/2022,0,-0.999999934,159.7353018,normal
28/06/2022,0,2.74E+14,151.6103372,normal
29/06/2022,0,1.25E+117,144.1372017,normal
30/06/2022,0,1.40E+34,156.5685289,normal
01/07/2022,0,5.54E+41,150.1893388,normal
04/07/2022,0,7.78E+36,145.0525537,normal
05/07/2022,0,2.02E+53,139.6906136,normal
06/07/2022,0,7.41E+32,136.9937971,normal
07/07/2022,0,-0.973930103,131.7149483,normal
08/07/2022,0,50476.01625,124.9600297,normal
11/07/2022,0,-1,118.5870548,normal
12/07/2022,0,2.23E+80,115.6211418,normal
13/07/2022,0,1.77E+14,121.5305063,normal
14/07/2022,0,-1,115.6667986,normal
15/07/2022,0,inf,110.3585353,normal
18/07/2022,0,1.03E+177,271.9465661,normal
19/07/2022,0,-1,282.5763176,normal
20/07/2022,0,-1,311.219485,normal
21/07/2022,0,-1,302.5158397,normal
22/07/2022,0,4.28E+58,304.3465219,normal
25/07/2022,0,1.77E+253,291.2425386,normal
26/07/2022,0,4.39E+37,321.7809496,normal
27/07/2022,0,-1,306.2510122,normal
28/07/2022,0,6.66E+17,323.5821955,normal
29/07/2022,0,1.68E+100,307.1964146,normal
01/08/2022,0,3.40E+156,298.6525782,normal
02/08/2022,0,-1,301.1090595,normal
03/08/2022,0,4.57E+45,286.4785093,normal
04/08/2022,0,-1,273.3993732,normal
05/08/2022,0,4.46E+179,260.9369065,normal
08/08/2022,0,-1,273.8034825,normal
09/08/2022,0,1.47E+41,289.8473862,normal
10/08/2022,0,inf,276.2773463,normal
11/08/2022,0,2.64E+185,372.9361657,normal
12/08/2022,0,-1,373.8395692,normal
15/08/2022,0,64.94450717,362.3211996,normal
16/08/2022,0,-1,343.7301122,normal
17/08/2022,0,1.54E+82,349.8312453,normal
18/08/2022,0,2.89E+41,336.1677179,normal
19/08/2022,0,-1,320.0577365,normal
22/08/2022,0,1.33E+37,308.9656422,normal
23/08/2022,0,1.16E+196,294.1060293,normal
24/08/2022,0,-1,306.8447211,normal
25/08/2022,0,1.40E+49,349.244442,normal
26/08/2022,0,4.19E+206,332.8648755,normal
29/08/2022,0,33664547477,343.2599238,normal
30/08/2022,0,59883773791,325.7171195,normal
31/08/2022,0,-1,309.0820962,normal
01/09/2022,0,inf,310.5750895,normal
02/09/2022,0,1.50E+282,447.8537599,normal
05/09/2022,0,-0.894514947,462.9129083,normal
06/09/2022,0,1.37E+107,439.1582055,normal
07/09/2022,0,-1,422.4245822,normal
08/09/2022,0,4.32E+240,402.0346539,normal
09/09/2022,0,1.35E+183,412.3461763,normal
12/09/2022,0,1.79E+95,408.9636405,normal
13/09/2022,0,9.67E+44,392.9050887,normal
14/09/2022,0,-1,373.8921144,normal
15/09/2022,0,-1,362.4946512,normal
16/09/2022,0,-1,352.9046155,normal
19/09/2022,0,inf,348.3996977,normal
20/09/2022,0,3.91E+177,425.5767582,normal
21/09/2022,0,9.63E+84,419.9777109,normal
22/09/2022,0,4.08E+100,402.2517245,normal
23/09/2022,0,1.99E+71,387.1940791,normal
26/09/2022,0,3.24E+278,370.2479214,normal
27/09/2022,0,5.92E+64,395.3173713,normal
28/09/2022,0,-1,377.3960228,normal
29/09/2022,0,-1,361.4314986,normal
30/09/2022,0,-1,347.4192289,normal
03/10/2022,0,-1,330.4983286,normal
04/10/2022,0,-1,313.7239325,normal
05/10/2022,0,-1,313.2974227,normal
06/10/2022,0,-1,299.3976994,normal
07/10/2022,0,8.74E+61,296.3434794,normal
10/10/2022,0,4.40E+143,284.0156319,normal
11/10/2022,0,-1,285.2193579,normal
12/10/2022,0,-1,284.1711644,normal
13/10/2022,0,-1,286.5542908,normal
14/10/2022,0,-1,273.3724793,normal
17/10/2022,0,-1,259.6715298,normal
18/10/2022,0,3.31E+60,254.334148,normal
19/10/2022,0,-1,244.480658,normal
20/10/2022,0,2.27E+38,246.7400222,normal
21/10/2022,0,-0.999998349,235.4072703,normal
24/10/2022,0,4.12E+124,223.3586932,normal
25/10/2022,0,9.23E+41,226.9069676,normal
26/10/2022,0,2.12E+71,216.9908921,normal
27/10/2022,0,-1,211.0315848,normal
28/10/2022,0,-1,201.1343436,normal
